{
  "name": "black-hawk-chat",
  "version": "1.0.0",
  "lockfileVersion": 2,
  "requires": true,
  "dependencies": {
    "concurrently": {
      "version": "^7.6.0",
      "resolved": "https://registry.npmjs.org/concurrently/-/concurrently-7.6.0.tgz",
      "integrity": "sha512-...",
      "dev": true
    },
    "cors": {
      "version": "^2.8.5",
      "resolved": "https://registry.npmjs.org/cors/-/cors-2.8.5.tgz",
      "integrity": "sha512-...",
      "dev": false
    },
    "dotenv": {
      "version": "^16.0.3",
      "resolved": "https://registry.npmjs.org/dotenv/-/dotenv-16.0.3.tgz",
      "integrity": "sha512-...",
      "dev": false
    },
    "express": {
      "version": "^4.18.2",
      "resolved": "https://registry.npmjs.org/express/-/express-4.18.2.tgz",
      "integrity": "sha512-...",
      "dev": false
    },
    "mongoose": {
      "version": "^6.9.1",
      "resolved": "https://registry.npmjs.org/mongoose/-/mongoose-6.9.1.tgz",
      "integrity": "sha512-...",
      "dev": false
    },
    "multer": {
      "version": "^1.4.5-lts.1",
      "resolved": "https://registry.npmjs.org/multer/-/multer-1.4.5-lts.1.tgz",
      "integrity": "sha512-...",
      "dev": false
    },
    "socket.io": {
      "version": "^4.5.4",
      "resolved": "https://registry.npmjs.org/socket.io/-/socket.io-4.5.4.tgz",
      "integrity": "sha512-...",
      "dev": false
    }
  }
}
